p0,pBack,p4
5,06,1.0694568431
2,12,0.34430013553
